FILE,ALGORITHM,DURATION
small_list/unsorted/unsorted_6.txt,QuickSort,2.8010379999999997
small_list/unsorted/unsorted_28.txt,QuickSort,2.37675
small_list/unsorted/unsorted_21.txt,QuickSort,2.289041
small_list/unsorted/unsorted_16.txt,QuickSort,2.209702
small_list/unsorted/unsorted_12.txt,QuickSort,2.203763
small_list/unsorted/unsorted_20.txt,QuickSort,2.469856
small_list/unsorted/unsorted_25.txt,QuickSort,2.269687
small_list/unsorted/unsorted_3.txt,QuickSort,2.345053
small_list/unsorted/unsorted_7.txt,QuickSort,2.1536269999999997
small_list/unsorted/unsorted_10.txt,QuickSort,2.2794689999999997
small_list/unsorted/unsorted_19.txt,QuickSort,2.338364
small_list/unsorted/unsorted_22.txt,QuickSort,2.146192
small_list/unsorted/unsorted_2.txt,QuickSort,2.291607
small_list/unsorted/unsorted_15.txt,QuickSort,2.1603049999999997
small_list/unsorted/unsorted_26.txt,QuickSort,2.1984779999999997
small_list/unsorted/unsorted_11.txt,QuickSort,2.298585
small_list/unsorted/unsorted_8.txt,QuickSort,2.203232
small_list/unsorted/unsorted_18.txt,QuickSort,2.3014319999999997
small_list/unsorted/unsorted_23.txt,QuickSort,2.223219
small_list/unsorted/unsorted_1.txt,QuickSort,2.24848
small_list/unsorted/unsorted_14.txt,QuickSort,2.2044989999999998
small_list/unsorted/unsorted_27.txt,QuickSort,2.138077
small_list/unsorted/unsorted_29.txt,QuickSort,2.305739
small_list/unsorted/unsorted_5.txt,QuickSort,2.1878409999999997
small_list/unsorted/unsorted_9.txt,QuickSort,2.284764
small_list/unsorted/unsorted_17.txt,QuickSort,2.273996
small_list/unsorted/unsorted_24.txt,QuickSort,2.238634
small_list/unsorted/unsorted_30.txt,QuickSort,2.1874089999999997
small_list/unsorted/unsorted_4.txt,QuickSort,2.2926509999999998
small_list/unsorted/unsorted_13.txt,QuickSort,2.1626689999999997
small_list/sorted_smallest_largest/sorted_19.txt,QuickSort,36.607169999999996
small_list/sorted_smallest_largest/sorted_27.txt,QuickSort,5.624448999999999
small_list/sorted_smallest_largest/sorted_12.txt,QuickSort,5.875337
small_list/sorted_smallest_largest/sorted_3.txt,QuickSort,6.00313
small_list/sorted_smallest_largest/sorted_16.txt,QuickSort,6.259894999999999
small_list/sorted_smallest_largest/sorted_24.txt,QuickSort,5.5418709999999995
small_list/sorted_smallest_largest/sorted_20.txt,QuickSort,5.638453999999999
small_list/sorted_smallest_largest/sorted_7.txt,QuickSort,5.935988
small_list/sorted_smallest_largest/sorted_11.txt,QuickSort,5.786639999999999
small_list/sorted_smallest_largest/sorted_2.txt,QuickSort,6.023783
small_list/sorted_smallest_largest/sorted_26.txt,QuickSort,5.859646
small_list/sorted_smallest_largest/sorted_6.txt,QuickSort,5.516884999999999
small_list/sorted_smallest_largest/sorted_15.txt,QuickSort,5.454848999999999
small_list/sorted_smallest_largest/sorted_21.txt,QuickSort,5.477989
small_list/sorted_smallest_largest/sorted_1.txt,QuickSort,5.627154
small_list/sorted_smallest_largest/sorted_10.txt,QuickSort,5.525662
small_list/sorted_smallest_largest/sorted_29.txt,QuickSort,5.484738
small_list/sorted_smallest_largest/sorted_25.txt,QuickSort,6.11613
small_list/sorted_smallest_largest/sorted_30.txt,QuickSort,5.510318
small_list/sorted_smallest_largest/sorted_5.txt,QuickSort,5.549162
small_list/sorted_smallest_largest/sorted_14.txt,QuickSort,5.646141
small_list/sorted_smallest_largest/sorted_18.txt,QuickSort,5.580772
small_list/sorted_smallest_largest/sorted_22.txt,QuickSort,5.683282999999999
small_list/sorted_smallest_largest/sorted_9.txt,QuickSort,5.625674999999999
small_list/sorted_smallest_largest/sorted_28.txt,QuickSort,5.839225
small_list/sorted_smallest_largest/sorted_13.txt,QuickSort,5.530651
small_list/sorted_smallest_largest/sorted_23.txt,QuickSort,5.467134
small_list/sorted_smallest_largest/sorted_4.txt,QuickSort,5.485072
small_list/sorted_smallest_largest/sorted_8.txt,QuickSort,5.944007
small_list/sorted_smallest_largest/sorted_17.txt,QuickSort,6.106358999999999
small_list/sorted_largest_smallest/sorted_4.txt,QuickSort,4.080607
small_list/sorted_largest_smallest/sorted_28.txt,QuickSort,4.3738
small_list/sorted_largest_smallest/sorted_21.txt,QuickSort,4.614503
small_list/sorted_largest_smallest/sorted_16.txt,QuickSort,4.276173
small_list/sorted_largest_smallest/sorted_25.txt,QuickSort,4.115976
small_list/sorted_largest_smallest/sorted_12.txt,QuickSort,4.370659
small_list/sorted_largest_smallest/sorted_7.txt,QuickSort,4.2565599999999995
small_list/sorted_largest_smallest/sorted_29.txt,QuickSort,4.4737029999999995
small_list/sorted_largest_smallest/sorted_20.txt,QuickSort,4.3918289999999995
small_list/sorted_largest_smallest/sorted_5.txt,QuickSort,4.250840999999999
small_list/sorted_largest_smallest/sorted_17.txt,QuickSort,4.753143
small_list/sorted_largest_smallest/sorted_1.txt,QuickSort,4.07405
small_list/sorted_largest_smallest/sorted_24.txt,QuickSort,4.058465
small_list/sorted_largest_smallest/sorted_30.txt,QuickSort,4.2632509999999995
small_list/sorted_largest_smallest/sorted_13.txt,QuickSort,4.1375839999999995
small_list/sorted_largest_smallest/sorted_6.txt,QuickSort,4.323028
small_list/sorted_largest_smallest/sorted_11.txt,QuickSort,4.2798929999999995
small_list/sorted_largest_smallest/sorted_2.txt,QuickSort,4.186685
small_list/sorted_largest_smallest/sorted_18.txt,QuickSort,4.3931439999999995
small_list/sorted_largest_smallest/sorted_23.txt,QuickSort,4.241109
small_list/sorted_largest_smallest/sorted_14.txt,QuickSort,4.216671
small_list/sorted_largest_smallest/sorted_9.txt,QuickSort,4.255089
small_list/sorted_largest_smallest/sorted_10.txt,QuickSort,4.255125
small_list/sorted_largest_smallest/sorted_27.txt,QuickSort,4.351546
small_list/sorted_largest_smallest/sorted_19.txt,QuickSort,4.37892
small_list/sorted_largest_smallest/sorted_22.txt,QuickSort,4.121874
small_list/sorted_largest_smallest/sorted_3.txt,QuickSort,4.111686
small_list/sorted_largest_smallest/sorted_15.txt,QuickSort,4.349564
small_list/sorted_largest_smallest/sorted_8.txt,QuickSort,4.422628
small_list/sorted_largest_smallest/sorted_26.txt,QuickSort,4.493522
medium_list/unsorted/unsorted_23.txt,QuickSort,2.16263
medium_list/unsorted/unsorted_3.txt,QuickSort,2.3132509999999997
medium_list/unsorted/unsorted_15.txt,QuickSort,2.2828079999999997
medium_list/unsorted/unsorted_11.txt,QuickSort,2.194508
medium_list/unsorted/unsorted_7.txt,QuickSort,2.351939
medium_list/unsorted/unsorted_27.txt,QuickSort,2.221247
medium_list/unsorted/unsorted_18.txt,QuickSort,2.7474119999999997
medium_list/unsorted/unsorted_20.txt,QuickSort,2.133094
medium_list/unsorted/unsorted_4.txt,QuickSort,2.2768759999999997
medium_list/unsorted/unsorted_24.txt,QuickSort,2.4075439999999997
medium_list/unsorted/unsorted_12.txt,QuickSort,2.412112
medium_list/unsorted/unsorted_30.txt,QuickSort,2.653356
medium_list/unsorted/unsorted_9.txt,QuickSort,2.2500329999999997
medium_list/unsorted/unsorted_28.txt,QuickSort,2.146597
medium_list/unsorted/unsorted_17.txt,QuickSort,2.19083
medium_list/unsorted/unsorted_5.txt,QuickSort,2.210363
medium_list/unsorted/unsorted_25.txt,QuickSort,2.223567
medium_list/unsorted/unsorted_13.txt,QuickSort,2.271773
medium_list/unsorted/unsorted_8.txt,QuickSort,2.2875669999999997
medium_list/unsorted/unsorted_16.txt,QuickSort,2.269479
medium_list/unsorted/unsorted_29.txt,QuickSort,2.235205
medium_list/unsorted/unsorted_1.txt,QuickSort,2.241558
medium_list/unsorted/unsorted_22.txt,QuickSort,2.229464
medium_list/unsorted/unsorted_14.txt,QuickSort,2.3785529999999997
medium_list/unsorted/unsorted_6.txt,QuickSort,2.67236
medium_list/unsorted/unsorted_26.txt,QuickSort,2.1629869999999998
medium_list/unsorted/unsorted_10.txt,QuickSort,2.179761
medium_list/unsorted/unsorted_19.txt,QuickSort,2.1784
medium_list/unsorted/unsorted_2.txt,QuickSort,2.1845689999999998
medium_list/unsorted/unsorted_21.txt,QuickSort,2.128343
medium_list/sorted_smallest_largest/sorted_22.txt,QuickSort,6.0758209999999995
medium_list/sorted_smallest_largest/sorted_14.txt,QuickSort,6.050619999999999
medium_list/sorted_smallest_largest/sorted_4.txt,QuickSort,6.186598
medium_list/sorted_smallest_largest/sorted_29.txt,QuickSort,5.702744
medium_list/sorted_smallest_largest/sorted_8.txt,QuickSort,5.804874
medium_list/sorted_smallest_largest/sorted_17.txt,QuickSort,5.947715
medium_list/sorted_smallest_largest/sorted_10.txt,QuickSort,5.447566
medium_list/sorted_smallest_largest/sorted_1.txt,QuickSort,5.683414
medium_list/sorted_smallest_largest/sorted_25.txt,QuickSort,5.75716
medium_list/sorted_smallest_largest/sorted_13.txt,QuickSort,5.653093
medium_list/sorted_smallest_largest/sorted_28.txt,QuickSort,6.104595
medium_list/sorted_smallest_largest/sorted_5.txt,QuickSort,5.4502429999999995
medium_list/sorted_smallest_largest/sorted_18.txt,QuickSort,5.483451
medium_list/sorted_smallest_largest/sorted_30.txt,QuickSort,5.421703
medium_list/sorted_smallest_largest/sorted_24.txt,QuickSort,5.60895
medium_list/sorted_smallest_largest/sorted_9.txt,QuickSort,5.654598
medium_list/sorted_smallest_largest/sorted_2.txt,QuickSort,5.867125
medium_list/sorted_smallest_largest/sorted_16.txt,QuickSort,5.672052
medium_list/sorted_smallest_largest/sorted_20.txt,QuickSort,5.8879649999999994
medium_list/sorted_smallest_largest/sorted_6.txt,QuickSort,5.657736
medium_list/sorted_smallest_largest/sorted_27.txt,QuickSort,5.698136
medium_list/sorted_smallest_largest/sorted_23.txt,QuickSort,5.941478
medium_list/sorted_smallest_largest/sorted_19.txt,QuickSort,5.572718
medium_list/sorted_smallest_largest/sorted_12.txt,QuickSort,5.735943
medium_list/sorted_smallest_largest/sorted_21.txt,QuickSort,5.918226
medium_list/sorted_smallest_largest/sorted_3.txt,QuickSort,5.910521999999999
medium_list/sorted_smallest_largest/sorted_15.txt,QuickSort,5.491458
medium_list/sorted_smallest_largest/sorted_7.txt,QuickSort,5.496207999999999
medium_list/sorted_smallest_largest/sorted_26.txt,QuickSort,5.46847
medium_list/sorted_smallest_largest/sorted_11.txt,QuickSort,5.503308
medium_list/sorted_largest_smallest/sorted_5.txt,QuickSort,4.930912999999999
medium_list/sorted_largest_smallest/sorted_11.txt,QuickSort,4.06218
medium_list/sorted_largest_smallest/sorted_23.txt,QuickSort,4.447283
medium_list/sorted_largest_smallest/sorted_26.txt,QuickSort,4.499372
medium_list/sorted_largest_smallest/sorted_15.txt,QuickSort,4.110519
medium_list/sorted_largest_smallest/sorted_1.txt,QuickSort,4.577687
medium_list/sorted_largest_smallest/sorted_8.txt,QuickSort,4.1976569999999995
medium_list/sorted_largest_smallest/sorted_22.txt,QuickSort,4.370941
medium_list/sorted_largest_smallest/sorted_12.txt,QuickSort,4.1628
medium_list/sorted_largest_smallest/sorted_4.txt,QuickSort,4.261037
medium_list/sorted_largest_smallest/sorted_27.txt,QuickSort,4.098212999999999
medium_list/sorted_largest_smallest/sorted_9.txt,QuickSort,4.105772
medium_list/sorted_largest_smallest/sorted_16.txt,QuickSort,4.289027
medium_list/sorted_largest_smallest/sorted_13.txt,QuickSort,4.186509
medium_list/sorted_largest_smallest/sorted_7.txt,QuickSort,4.109356
medium_list/sorted_largest_smallest/sorted_21.txt,QuickSort,4.314298
medium_list/sorted_largest_smallest/sorted_25.txt,QuickSort,4.354547
medium_list/sorted_largest_smallest/sorted_17.txt,QuickSort,4.173416
medium_list/sorted_largest_smallest/sorted_3.txt,QuickSort,4.292695
medium_list/sorted_largest_smallest/sorted_28.txt,QuickSort,4.129936
medium_list/sorted_largest_smallest/sorted_30.txt,QuickSort,4.072241
medium_list/sorted_largest_smallest/sorted_6.txt,QuickSort,4.433377999999999
medium_list/sorted_largest_smallest/sorted_14.txt,QuickSort,4.1179939999999995
medium_list/sorted_largest_smallest/sorted_24.txt,QuickSort,4.251129
medium_list/sorted_largest_smallest/sorted_10.txt,QuickSort,4.143439
medium_list/sorted_largest_smallest/sorted_19.txt,QuickSort,4.0735399999999995
medium_list/sorted_largest_smallest/sorted_2.txt,QuickSort,4.151464
medium_list/sorted_largest_smallest/sorted_18.txt,QuickSort,4.474315
medium_list/sorted_largest_smallest/sorted_20.txt,QuickSort,4.168455
medium_list/sorted_largest_smallest/sorted_29.txt,QuickSort,4.246212
large_list/unsorted/unsorted_29.txt,QuickSort,2.183799
large_list/unsorted/unsorted_10.txt,QuickSort,2.25553
large_list/unsorted/unsorted_14.txt,QuickSort,2.3281709999999998
large_list/unsorted/unsorted_3.txt,QuickSort,2.288262
large_list/unsorted/unsorted_30.txt,QuickSort,2.2063639999999998
large_list/unsorted/unsorted_6.txt,QuickSort,2.5220149999999997
large_list/unsorted/unsorted_22.txt,QuickSort,2.1976359999999997
large_list/unsorted/unsorted_18.txt,QuickSort,2.310054
large_list/unsorted/unsorted_11.txt,QuickSort,2.3114689999999998
large_list/unsorted/unsorted_2.txt,QuickSort,2.282739
large_list/unsorted/unsorted_26.txt,QuickSort,2.174101
large_list/unsorted/unsorted_25.txt,QuickSort,2.173393
large_list/unsorted/unsorted_15.txt,QuickSort,2.224478
large_list/unsorted/unsorted_19.txt,QuickSort,2.144956
large_list/unsorted/unsorted_7.txt,QuickSort,2.174336
large_list/unsorted/unsorted_21.txt,QuickSort,2.1728419999999997
large_list/unsorted/unsorted_20.txt,QuickSort,2.203291
large_list/unsorted/unsorted_12.txt,QuickSort,2.215116
large_list/unsorted/unsorted_5.txt,QuickSort,2.468739
large_list/unsorted/unsorted_27.txt,QuickSort,2.594277
large_list/unsorted/unsorted_8.txt,QuickSort,2.23807
large_list/unsorted/unsorted_16.txt,QuickSort,2.168732
large_list/unsorted/unsorted_24.txt,QuickSort,2.29542
large_list/unsorted/unsorted_1.txt,QuickSort,2.228893
large_list/unsorted/unsorted_4.txt,QuickSort,2.3683449999999997
large_list/unsorted/unsorted_28.txt,QuickSort,2.240106
large_list/unsorted/unsorted_13.txt,QuickSort,2.12933
large_list/unsorted/unsorted_9.txt,QuickSort,2.2107989999999997
large_list/unsorted/unsorted_23.txt,QuickSort,2.153729
large_list/unsorted/unsorted_17.txt,QuickSort,2.176865
large_list/sorted_smallest_largest/sorted_16.txt,QuickSort,5.953982
large_list/sorted_smallest_largest/sorted_20.txt,QuickSort,5.717842
large_list/sorted_smallest_largest/sorted_27.txt,QuickSort,5.785133
large_list/sorted_smallest_largest/sorted_19.txt,QuickSort,5.487405
large_list/sorted_smallest_largest/sorted_12.txt,QuickSort,5.7582379999999995
large_list/sorted_smallest_largest/sorted_6.txt,QuickSort,5.956637
large_list/sorted_smallest_largest/sorted_7.txt,QuickSort,5.645868999999999
large_list/sorted_smallest_largest/sorted_21.txt,QuickSort,5.683776
large_list/sorted_smallest_largest/sorted_15.txt,QuickSort,6.1800939999999995
large_list/sorted_smallest_largest/sorted_2.txt,QuickSort,5.847735999999999
large_list/sorted_smallest_largest/sorted_3.txt,QuickSort,5.807045
large_list/sorted_smallest_largest/sorted_26.txt,QuickSort,5.5241679999999995
large_list/sorted_smallest_largest/sorted_11.txt,QuickSort,5.537896
large_list/sorted_smallest_largest/sorted_8.txt,QuickSort,5.624334
large_list/sorted_smallest_largest/sorted_14.txt,QuickSort,5.577223
large_list/sorted_smallest_largest/sorted_30.txt,QuickSort,5.5641169999999995
large_list/sorted_smallest_largest/sorted_22.txt,QuickSort,5.845903
large_list/sorted_smallest_largest/sorted_29.txt,QuickSort,6.000057
large_list/sorted_smallest_largest/sorted_1.txt,QuickSort,5.628831
large_list/sorted_smallest_largest/sorted_10.txt,QuickSort,6.196631
large_list/sorted_smallest_largest/sorted_4.txt,QuickSort,5.647974
large_list/sorted_smallest_largest/sorted_25.txt,QuickSort,5.540038
large_list/sorted_smallest_largest/sorted_23.txt,QuickSort,5.727415
large_list/sorted_smallest_largest/sorted_9.txt,QuickSort,5.679841
large_list/sorted_smallest_largest/sorted_13.txt,QuickSort,5.556153999999999
large_list/sorted_smallest_largest/sorted_17.txt,QuickSort,5.517507
large_list/sorted_smallest_largest/sorted_28.txt,QuickSort,5.4296869999999995
large_list/sorted_smallest_largest/sorted_18.txt,QuickSort,6.081888999999999
large_list/sorted_smallest_largest/sorted_5.txt,QuickSort,5.657997
large_list/sorted_smallest_largest/sorted_24.txt,QuickSort,5.466953
large_list/sorted_largest_smallest/sorted_4.txt,QuickSort,4.435667
large_list/sorted_largest_smallest/sorted_13.txt,QuickSort,4.3189589999999995
large_list/sorted_largest_smallest/sorted_25.txt,QuickSort,4.419207999999999
large_list/sorted_largest_smallest/sorted_8.txt,QuickSort,4.497625
large_list/sorted_largest_smallest/sorted_10.txt,QuickSort,4.742889
large_list/sorted_largest_smallest/sorted_17.txt,QuickSort,4.087854
large_list/sorted_largest_smallest/sorted_21.txt,QuickSort,4.256146
large_list/sorted_largest_smallest/sorted_28.txt,QuickSort,4.3768899999999995
large_list/sorted_largest_smallest/sorted_3.txt,QuickSort,4.178712
large_list/sorted_largest_smallest/sorted_14.txt,QuickSort,4.213922
large_list/sorted_largest_smallest/sorted_30.txt,QuickSort,4.70577
large_list/sorted_largest_smallest/sorted_24.txt,QuickSort,4.154501
large_list/sorted_largest_smallest/sorted_7.txt,QuickSort,4.104164
large_list/sorted_largest_smallest/sorted_18.txt,QuickSort,4.453861
large_list/sorted_largest_smallest/sorted_20.txt,QuickSort,4.090882
large_list/sorted_largest_smallest/sorted_29.txt,QuickSort,4.210978
large_list/sorted_largest_smallest/sorted_23.txt,QuickSort,4.176228
large_list/sorted_largest_smallest/sorted_2.txt,QuickSort,4.360952
large_list/sorted_largest_smallest/sorted_11.txt,QuickSort,4.26237
large_list/sorted_largest_smallest/sorted_19.txt,QuickSort,4.08909
large_list/sorted_largest_smallest/sorted_26.txt,QuickSort,4.334823
large_list/sorted_largest_smallest/sorted_6.txt,QuickSort,4.139574
large_list/sorted_largest_smallest/sorted_15.txt,QuickSort,4.174873
large_list/sorted_largest_smallest/sorted_1.txt,QuickSort,4.459892
large_list/sorted_largest_smallest/sorted_22.txt,QuickSort,4.249058
large_list/sorted_largest_smallest/sorted_12.txt,QuickSort,4.85682
large_list/sorted_largest_smallest/sorted_27.txt,QuickSort,4.131165
large_list/sorted_largest_smallest/sorted_9.txt,QuickSort,4.300068
large_list/sorted_largest_smallest/sorted_5.txt,QuickSort,4.449198
large_list/sorted_largest_smallest/sorted_16.txt,QuickSort,4.116535
small_list/unsorted/unsorted_6.txt,MergeSort,0.524436
small_list/unsorted/unsorted_28.txt,MergeSort,0.537434
small_list/unsorted/unsorted_21.txt,MergeSort,0.516377
small_list/unsorted/unsorted_16.txt,MergeSort,0.530261
small_list/unsorted/unsorted_12.txt,MergeSort,0.49698499999999995
small_list/unsorted/unsorted_20.txt,MergeSort,0.498038
small_list/unsorted/unsorted_25.txt,MergeSort,0.500398
small_list/unsorted/unsorted_3.txt,MergeSort,0.52012
small_list/unsorted/unsorted_7.txt,MergeSort,0.53186
small_list/unsorted/unsorted_10.txt,MergeSort,0.6325759999999999
small_list/unsorted/unsorted_19.txt,MergeSort,0.567107
small_list/unsorted/unsorted_22.txt,MergeSort,0.556341
small_list/unsorted/unsorted_2.txt,MergeSort,0.5363709999999999
small_list/unsorted/unsorted_15.txt,MergeSort,0.5276029999999999
small_list/unsorted/unsorted_26.txt,MergeSort,0.5096919999999999
small_list/unsorted/unsorted_11.txt,MergeSort,0.5129049999999999
small_list/unsorted/unsorted_8.txt,MergeSort,0.5699029999999999
small_list/unsorted/unsorted_18.txt,MergeSort,0.518125
small_list/unsorted/unsorted_23.txt,MergeSort,0.529969
small_list/unsorted/unsorted_1.txt,MergeSort,0.521918
small_list/unsorted/unsorted_14.txt,MergeSort,0.512833
small_list/unsorted/unsorted_27.txt,MergeSort,0.498776
small_list/unsorted/unsorted_29.txt,MergeSort,0.527157
small_list/unsorted/unsorted_5.txt,MergeSort,0.498415
small_list/unsorted/unsorted_9.txt,MergeSort,0.513184
small_list/unsorted/unsorted_17.txt,MergeSort,0.49789599999999995
small_list/unsorted/unsorted_24.txt,MergeSort,0.49928599999999995
small_list/unsorted/unsorted_30.txt,MergeSort,0.497894
small_list/unsorted/unsorted_4.txt,MergeSort,0.531764
small_list/unsorted/unsorted_13.txt,MergeSort,0.498309
small_list/sorted_smallest_largest/sorted_19.txt,MergeSort,2.053642
small_list/sorted_smallest_largest/sorted_27.txt,MergeSort,0.655512
small_list/sorted_smallest_largest/sorted_12.txt,MergeSort,0.538596
small_list/sorted_smallest_largest/sorted_3.txt,MergeSort,0.529801
small_list/sorted_smallest_largest/sorted_16.txt,MergeSort,0.5170199999999999
small_list/sorted_smallest_largest/sorted_24.txt,MergeSort,0.5698449999999999
small_list/sorted_smallest_largest/sorted_20.txt,MergeSort,0.564153
small_list/sorted_smallest_largest/sorted_7.txt,MergeSort,0.49842499999999995
small_list/sorted_smallest_largest/sorted_11.txt,MergeSort,0.513164
small_list/sorted_smallest_largest/sorted_2.txt,MergeSort,0.512676
small_list/sorted_smallest_largest/sorted_26.txt,MergeSort,0.640942
small_list/sorted_smallest_largest/sorted_6.txt,MergeSort,0.527156
small_list/sorted_smallest_largest/sorted_15.txt,MergeSort,0.497814
small_list/sorted_smallest_largest/sorted_21.txt,MergeSort,0.49788
small_list/sorted_smallest_largest/sorted_1.txt,MergeSort,0.49848
small_list/sorted_smallest_largest/sorted_10.txt,MergeSort,0.498596
small_list/sorted_smallest_largest/sorted_29.txt,MergeSort,0.505635
small_list/sorted_smallest_largest/sorted_25.txt,MergeSort,0.526061
small_list/sorted_smallest_largest/sorted_30.txt,MergeSort,0.5051059999999999
small_list/sorted_smallest_largest/sorted_5.txt,MergeSort,0.49955499999999997
small_list/sorted_smallest_largest/sorted_14.txt,MergeSort,0.5185919999999999
small_list/sorted_smallest_largest/sorted_18.txt,MergeSort,0.518887
small_list/sorted_smallest_largest/sorted_22.txt,MergeSort,0.516496
small_list/sorted_smallest_largest/sorted_9.txt,MergeSort,0.56614
small_list/sorted_smallest_largest/sorted_28.txt,MergeSort,0.5388379999999999
small_list/sorted_smallest_largest/sorted_13.txt,MergeSort,0.552819
small_list/sorted_smallest_largest/sorted_23.txt,MergeSort,0.497808
small_list/sorted_smallest_largest/sorted_4.txt,MergeSort,0.517574
small_list/sorted_smallest_largest/sorted_8.txt,MergeSort,0.519687
small_list/sorted_smallest_largest/sorted_17.txt,MergeSort,0.534888
small_list/sorted_largest_smallest/sorted_4.txt,MergeSort,0.505815
small_list/sorted_largest_smallest/sorted_28.txt,MergeSort,0.529473
small_list/sorted_largest_smallest/sorted_21.txt,MergeSort,0.527374
small_list/sorted_largest_smallest/sorted_16.txt,MergeSort,0.513231
small_list/sorted_largest_smallest/sorted_25.txt,MergeSort,0.558806
small_list/sorted_largest_smallest/sorted_12.txt,MergeSort,0.530753
small_list/sorted_largest_smallest/sorted_7.txt,MergeSort,0.537106
small_list/sorted_largest_smallest/sorted_29.txt,MergeSort,0.531666
small_list/sorted_largest_smallest/sorted_20.txt,MergeSort,0.5138849999999999
small_list/sorted_largest_smallest/sorted_5.txt,MergeSort,0.503064
small_list/sorted_largest_smallest/sorted_17.txt,MergeSort,0.584316
small_list/sorted_largest_smallest/sorted_1.txt,MergeSort,0.49762199999999995
small_list/sorted_largest_smallest/sorted_24.txt,MergeSort,0.49816
small_list/sorted_largest_smallest/sorted_30.txt,MergeSort,0.52582
small_list/sorted_largest_smallest/sorted_13.txt,MergeSort,0.506066
small_list/sorted_largest_smallest/sorted_6.txt,MergeSort,0.49649699999999997
small_list/sorted_largest_smallest/sorted_11.txt,MergeSort,0.512361
small_list/sorted_largest_smallest/sorted_2.txt,MergeSort,0.49650999999999995
small_list/sorted_largest_smallest/sorted_18.txt,MergeSort,0.498235
small_list/sorted_largest_smallest/sorted_23.txt,MergeSort,0.497685
small_list/sorted_largest_smallest/sorted_14.txt,MergeSort,0.49879999999999997
small_list/sorted_largest_smallest/sorted_9.txt,MergeSort,0.520776
small_list/sorted_largest_smallest/sorted_10.txt,MergeSort,0.5274
small_list/sorted_largest_smallest/sorted_27.txt,MergeSort,0.531674
small_list/sorted_largest_smallest/sorted_19.txt,MergeSort,0.528708
small_list/sorted_largest_smallest/sorted_22.txt,MergeSort,0.49648099999999995
small_list/sorted_largest_smallest/sorted_3.txt,MergeSort,0.497791
small_list/sorted_largest_smallest/sorted_15.txt,MergeSort,0.523524
small_list/sorted_largest_smallest/sorted_8.txt,MergeSort,0.5634279999999999
small_list/sorted_largest_smallest/sorted_26.txt,MergeSort,0.649104
medium_list/unsorted/unsorted_23.txt,MergeSort,0.536493
medium_list/unsorted/unsorted_3.txt,MergeSort,0.547148
medium_list/unsorted/unsorted_15.txt,MergeSort,0.5301199999999999
medium_list/unsorted/unsorted_11.txt,MergeSort,0.5630649999999999
medium_list/unsorted/unsorted_7.txt,MergeSort,0.536227
medium_list/unsorted/unsorted_27.txt,MergeSort,0.514095
medium_list/unsorted/unsorted_18.txt,MergeSort,0.53676
medium_list/unsorted/unsorted_20.txt,MergeSort,0.502394
medium_list/unsorted/unsorted_4.txt,MergeSort,0.511887
medium_list/unsorted/unsorted_24.txt,MergeSort,0.521652
medium_list/unsorted/unsorted_12.txt,MergeSort,0.510656
medium_list/unsorted/unsorted_30.txt,MergeSort,0.5661959999999999
medium_list/unsorted/unsorted_9.txt,MergeSort,0.5195569999999999
medium_list/unsorted/unsorted_28.txt,MergeSort,0.510448
medium_list/unsorted/unsorted_17.txt,MergeSort,0.500889
medium_list/unsorted/unsorted_5.txt,MergeSort,0.51795
medium_list/unsorted/unsorted_25.txt,MergeSort,0.512938
medium_list/unsorted/unsorted_13.txt,MergeSort,0.497778
medium_list/unsorted/unsorted_8.txt,MergeSort,0.815132
medium_list/unsorted/unsorted_16.txt,MergeSort,0.49917599999999995
medium_list/unsorted/unsorted_29.txt,MergeSort,0.499106
medium_list/unsorted/unsorted_1.txt,MergeSort,0.530331
medium_list/unsorted/unsorted_22.txt,MergeSort,0.497901
medium_list/unsorted/unsorted_14.txt,MergeSort,0.5293709999999999
medium_list/unsorted/unsorted_6.txt,MergeSort,0.636393
medium_list/unsorted/unsorted_26.txt,MergeSort,0.497683
medium_list/unsorted/unsorted_10.txt,MergeSort,0.511906
medium_list/unsorted/unsorted_19.txt,MergeSort,0.519668
medium_list/unsorted/unsorted_2.txt,MergeSort,0.49830599999999997
medium_list/unsorted/unsorted_21.txt,MergeSort,0.502786
medium_list/sorted_smallest_largest/sorted_22.txt,MergeSort,0.49773599999999996
medium_list/sorted_smallest_largest/sorted_14.txt,MergeSort,0.535465
medium_list/sorted_smallest_largest/sorted_4.txt,MergeSort,0.546812
medium_list/sorted_smallest_largest/sorted_29.txt,MergeSort,0.513238
medium_list/sorted_smallest_largest/sorted_8.txt,MergeSort,0.5008279999999999
medium_list/sorted_smallest_largest/sorted_17.txt,MergeSort,0.519585
medium_list/sorted_smallest_largest/sorted_10.txt,MergeSort,0.49779599999999996
medium_list/sorted_smallest_largest/sorted_1.txt,MergeSort,0.5141049999999999
medium_list/sorted_smallest_largest/sorted_25.txt,MergeSort,0.53389
medium_list/sorted_smallest_largest/sorted_13.txt,MergeSort,0.605854
medium_list/sorted_smallest_largest/sorted_28.txt,MergeSort,0.528988
medium_list/sorted_smallest_largest/sorted_5.txt,MergeSort,0.522766
medium_list/sorted_smallest_largest/sorted_18.txt,MergeSort,0.497243
medium_list/sorted_smallest_largest/sorted_30.txt,MergeSort,0.49707599999999996
medium_list/sorted_smallest_largest/sorted_24.txt,MergeSort,0.536667
medium_list/sorted_smallest_largest/sorted_9.txt,MergeSort,0.4995
medium_list/sorted_smallest_largest/sorted_2.txt,MergeSort,0.5721149999999999
medium_list/sorted_smallest_largest/sorted_16.txt,MergeSort,0.520702
medium_list/sorted_smallest_largest/sorted_20.txt,MergeSort,0.514792
medium_list/sorted_smallest_largest/sorted_6.txt,MergeSort,0.524597
medium_list/sorted_smallest_largest/sorted_27.txt,MergeSort,0.49707199999999996
medium_list/sorted_smallest_largest/sorted_23.txt,MergeSort,0.5319809999999999
medium_list/sorted_smallest_largest/sorted_19.txt,MergeSort,0.49933999999999995
medium_list/sorted_smallest_largest/sorted_12.txt,MergeSort,0.51945
medium_list/sorted_smallest_largest/sorted_21.txt,MergeSort,0.540914
medium_list/sorted_smallest_largest/sorted_3.txt,MergeSort,0.513129
medium_list/sorted_smallest_largest/sorted_15.txt,MergeSort,0.499175
medium_list/sorted_smallest_largest/sorted_7.txt,MergeSort,0.496368
medium_list/sorted_smallest_largest/sorted_26.txt,MergeSort,0.504632
medium_list/sorted_smallest_largest/sorted_11.txt,MergeSort,0.520579
medium_list/sorted_largest_smallest/sorted_5.txt,MergeSort,0.5942259999999999
medium_list/sorted_largest_smallest/sorted_11.txt,MergeSort,0.498982
medium_list/sorted_largest_smallest/sorted_23.txt,MergeSort,0.616646
medium_list/sorted_largest_smallest/sorted_26.txt,MergeSort,0.5887519999999999
medium_list/sorted_largest_smallest/sorted_15.txt,MergeSort,0.49839799999999995
medium_list/sorted_largest_smallest/sorted_1.txt,MergeSort,0.49920699999999996
medium_list/sorted_largest_smallest/sorted_8.txt,MergeSort,0.499542
medium_list/sorted_largest_smallest/sorted_22.txt,MergeSort,0.527914
medium_list/sorted_largest_smallest/sorted_12.txt,MergeSort,0.497783
medium_list/sorted_largest_smallest/sorted_4.txt,MergeSort,0.49948
medium_list/sorted_largest_smallest/sorted_27.txt,MergeSort,0.496728
medium_list/sorted_largest_smallest/sorted_9.txt,MergeSort,0.542107
medium_list/sorted_largest_smallest/sorted_16.txt,MergeSort,0.497426
medium_list/sorted_largest_smallest/sorted_13.txt,MergeSort,0.529096
medium_list/sorted_largest_smallest/sorted_7.txt,MergeSort,0.49745
medium_list/sorted_largest_smallest/sorted_21.txt,MergeSort,0.497998
medium_list/sorted_largest_smallest/sorted_25.txt,MergeSort,0.5126539999999999
medium_list/sorted_largest_smallest/sorted_17.txt,MergeSort,0.505772
medium_list/sorted_largest_smallest/sorted_3.txt,MergeSort,0.5129319999999999
medium_list/sorted_largest_smallest/sorted_28.txt,MergeSort,0.521988
medium_list/sorted_largest_smallest/sorted_30.txt,MergeSort,0.5256489999999999
medium_list/sorted_largest_smallest/sorted_6.txt,MergeSort,0.514825
medium_list/sorted_largest_smallest/sorted_14.txt,MergeSort,0.49748899999999996
medium_list/sorted_largest_smallest/sorted_24.txt,MergeSort,0.511595
medium_list/sorted_largest_smallest/sorted_10.txt,MergeSort,0.524633
medium_list/sorted_largest_smallest/sorted_19.txt,MergeSort,0.497357
medium_list/sorted_largest_smallest/sorted_2.txt,MergeSort,0.496647
medium_list/sorted_largest_smallest/sorted_18.txt,MergeSort,0.530041
medium_list/sorted_largest_smallest/sorted_20.txt,MergeSort,0.512176
medium_list/sorted_largest_smallest/sorted_29.txt,MergeSort,0.638918
large_list/unsorted/unsorted_29.txt,MergeSort,0.887613
large_list/unsorted/unsorted_10.txt,MergeSort,0.512709
large_list/unsorted/unsorted_14.txt,MergeSort,0.5408459999999999
large_list/unsorted/unsorted_3.txt,MergeSort,0.523365
large_list/unsorted/unsorted_30.txt,MergeSort,0.513712
large_list/unsorted/unsorted_6.txt,MergeSort,0.510597
large_list/unsorted/unsorted_22.txt,MergeSort,3.719308
large_list/unsorted/unsorted_18.txt,MergeSort,0.528899
large_list/unsorted/unsorted_11.txt,MergeSort,0.540547
large_list/unsorted/unsorted_2.txt,MergeSort,0.6094339999999999
large_list/unsorted/unsorted_26.txt,MergeSort,0.611321
large_list/unsorted/unsorted_25.txt,MergeSort,0.522517
large_list/unsorted/unsorted_15.txt,MergeSort,0.49781299999999995
large_list/unsorted/unsorted_19.txt,MergeSort,0.49883999999999995
large_list/unsorted/unsorted_7.txt,MergeSort,0.49978799999999995
large_list/unsorted/unsorted_21.txt,MergeSort,0.5402359999999999
large_list/unsorted/unsorted_20.txt,MergeSort,0.510653
large_list/unsorted/unsorted_12.txt,MergeSort,0.5158429999999999
large_list/unsorted/unsorted_5.txt,MergeSort,0.7592599999999999
large_list/unsorted/unsorted_27.txt,MergeSort,0.5126689999999999
large_list/unsorted/unsorted_8.txt,MergeSort,0.498428
large_list/unsorted/unsorted_16.txt,MergeSort,0.49823399999999995
large_list/unsorted/unsorted_24.txt,MergeSort,0.570728
large_list/unsorted/unsorted_1.txt,MergeSort,0.534373
large_list/unsorted/unsorted_4.txt,MergeSort,0.512509
large_list/unsorted/unsorted_28.txt,MergeSort,0.49843899999999997
large_list/unsorted/unsorted_13.txt,MergeSort,0.498224
large_list/unsorted/unsorted_9.txt,MergeSort,0.503527
large_list/unsorted/unsorted_23.txt,MergeSort,0.49758399999999997
large_list/unsorted/unsorted_17.txt,MergeSort,0.781075
large_list/sorted_smallest_largest/sorted_16.txt,MergeSort,0.529818
large_list/sorted_smallest_largest/sorted_20.txt,MergeSort,0.5176029999999999
large_list/sorted_smallest_largest/sorted_27.txt,MergeSort,0.553148
large_list/sorted_smallest_largest/sorted_19.txt,MergeSort,0.49978
large_list/sorted_smallest_largest/sorted_12.txt,MergeSort,0.49790599999999996
large_list/sorted_smallest_largest/sorted_6.txt,MergeSort,0.497019
large_list/sorted_smallest_largest/sorted_7.txt,MergeSort,0.55333
large_list/sorted_smallest_largest/sorted_21.txt,MergeSort,0.565808
large_list/sorted_smallest_largest/sorted_15.txt,MergeSort,0.570828
large_list/sorted_smallest_largest/sorted_2.txt,MergeSort,0.513442
large_list/sorted_smallest_largest/sorted_3.txt,MergeSort,0.5291939999999999
large_list/sorted_smallest_largest/sorted_26.txt,MergeSort,0.49838899999999997
large_list/sorted_smallest_largest/sorted_11.txt,MergeSort,0.526535
large_list/sorted_smallest_largest/sorted_8.txt,MergeSort,0.5112479999999999
large_list/sorted_smallest_largest/sorted_14.txt,MergeSort,0.49901799999999996
large_list/sorted_smallest_largest/sorted_30.txt,MergeSort,0.5048659999999999
large_list/sorted_smallest_largest/sorted_22.txt,MergeSort,0.557076
large_list/sorted_smallest_largest/sorted_29.txt,MergeSort,0.5504169999999999
large_list/sorted_smallest_largest/sorted_1.txt,MergeSort,0.639077
large_list/sorted_smallest_largest/sorted_10.txt,MergeSort,0.512518
large_list/sorted_smallest_largest/sorted_4.txt,MergeSort,0.5188849999999999
large_list/sorted_smallest_largest/sorted_25.txt,MergeSort,0.49841399999999997
large_list/sorted_smallest_largest/sorted_23.txt,MergeSort,0.5116499999999999
large_list/sorted_smallest_largest/sorted_9.txt,MergeSort,0.525919
large_list/sorted_smallest_largest/sorted_13.txt,MergeSort,0.518787
large_list/sorted_smallest_largest/sorted_17.txt,MergeSort,0.553186
large_list/sorted_smallest_largest/sorted_28.txt,MergeSort,0.497455
large_list/sorted_smallest_largest/sorted_18.txt,MergeSort,0.566224
large_list/sorted_smallest_largest/sorted_5.txt,MergeSort,0.5126689999999999
large_list/sorted_smallest_largest/sorted_24.txt,MergeSort,0.49612199999999995
large_list/sorted_largest_smallest/sorted_4.txt,MergeSort,0.5286339999999999
large_list/sorted_largest_smallest/sorted_13.txt,MergeSort,0.525009
large_list/sorted_largest_smallest/sorted_25.txt,MergeSort,0.537345
large_list/sorted_largest_smallest/sorted_8.txt,MergeSort,0.580235
large_list/sorted_largest_smallest/sorted_10.txt,MergeSort,0.584457
large_list/sorted_largest_smallest/sorted_17.txt,MergeSort,0.503937
large_list/sorted_largest_smallest/sorted_21.txt,MergeSort,0.52831
large_list/sorted_largest_smallest/sorted_28.txt,MergeSort,0.5546249999999999
large_list/sorted_largest_smallest/sorted_3.txt,MergeSort,0.52905
large_list/sorted_largest_smallest/sorted_14.txt,MergeSort,0.693139
large_list/sorted_largest_smallest/sorted_30.txt,MergeSort,0.551285
large_list/sorted_largest_smallest/sorted_24.txt,MergeSort,0.521025
large_list/sorted_largest_smallest/sorted_7.txt,MergeSort,0.497436
large_list/sorted_largest_smallest/sorted_18.txt,MergeSort,0.5281009999999999
large_list/sorted_largest_smallest/sorted_20.txt,MergeSort,0.49835999999999997
large_list/sorted_largest_smallest/sorted_29.txt,MergeSort,0.51256
large_list/sorted_largest_smallest/sorted_23.txt,MergeSort,0.513255
large_list/sorted_largest_smallest/sorted_2.txt,MergeSort,0.5132099999999999
large_list/sorted_largest_smallest/sorted_11.txt,MergeSort,0.5117499999999999
large_list/sorted_largest_smallest/sorted_19.txt,MergeSort,0.49989799999999995
large_list/sorted_largest_smallest/sorted_26.txt,MergeSort,0.521396
large_list/sorted_largest_smallest/sorted_6.txt,MergeSort,0.497915
large_list/sorted_largest_smallest/sorted_15.txt,MergeSort,0.49901599999999996
large_list/sorted_largest_smallest/sorted_1.txt,MergeSort,0.636203
large_list/sorted_largest_smallest/sorted_22.txt,MergeSort,0.527172
large_list/sorted_largest_smallest/sorted_12.txt,MergeSort,0.514467
large_list/sorted_largest_smallest/sorted_27.txt,MergeSort,0.49715299999999996
large_list/sorted_largest_smallest/sorted_9.txt,MergeSort,0.527754
large_list/sorted_largest_smallest/sorted_5.txt,MergeSort,0.503953
large_list/sorted_largest_smallest/sorted_16.txt,MergeSort,0.49743699999999996
small_list/unsorted/unsorted_6.txt,HeapSort,108.09090099999999
small_list/unsorted/unsorted_28.txt,HeapSort,111.678764
small_list/unsorted/unsorted_21.txt,HeapSort,94.44704999999999
small_list/unsorted/unsorted_16.txt,HeapSort,91.754348
small_list/unsorted/unsorted_12.txt,HeapSort,91.655063
small_list/unsorted/unsorted_20.txt,HeapSort,94.954003
small_list/unsorted/unsorted_25.txt,HeapSort,98.246533
small_list/unsorted/unsorted_3.txt,HeapSort,96.862478
small_list/unsorted/unsorted_7.txt,HeapSort,101.352147
small_list/unsorted/unsorted_10.txt,HeapSort,94.43914099999999
small_list/unsorted/unsorted_19.txt,HeapSort,94.354416
small_list/unsorted/unsorted_22.txt,HeapSort,95.677144
small_list/unsorted/unsorted_2.txt,HeapSort,91.859554
small_list/unsorted/unsorted_15.txt,HeapSort,97.924852
small_list/unsorted/unsorted_26.txt,HeapSort,92.827812
small_list/unsorted/unsorted_11.txt,HeapSort,92.297274
small_list/unsorted/unsorted_8.txt,HeapSort,96.07158199999999
small_list/unsorted/unsorted_18.txt,HeapSort,340.82334199999997
small_list/unsorted/unsorted_23.txt,HeapSort,91.489125
small_list/unsorted/unsorted_1.txt,HeapSort,104.409199
small_list/unsorted/unsorted_14.txt,HeapSort,92.882854
small_list/unsorted/unsorted_27.txt,HeapSort,95.266036
small_list/unsorted/unsorted_29.txt,HeapSort,94.60688599999999
small_list/unsorted/unsorted_5.txt,HeapSort,91.67648
small_list/unsorted/unsorted_9.txt,HeapSort,99.543555
small_list/unsorted/unsorted_17.txt,HeapSort,95.77833
small_list/unsorted/unsorted_24.txt,HeapSort,92.24506099999999
small_list/unsorted/unsorted_30.txt,HeapSort,93.362163
small_list/unsorted/unsorted_4.txt,HeapSort,96.208556
small_list/unsorted/unsorted_13.txt,HeapSort,93.37723199999999
small_list/sorted_smallest_largest/sorted_19.txt,HeapSort,142.74241
small_list/sorted_smallest_largest/sorted_27.txt,HeapSort,102.306946
small_list/sorted_smallest_largest/sorted_12.txt,HeapSort,99.762714
small_list/sorted_smallest_largest/sorted_3.txt,HeapSort,97.83644199999999
small_list/sorted_smallest_largest/sorted_16.txt,HeapSort,92.223314
small_list/sorted_smallest_largest/sorted_24.txt,HeapSort,95.20552599999999
small_list/sorted_smallest_largest/sorted_20.txt,HeapSort,92.671324
small_list/sorted_smallest_largest/sorted_7.txt,HeapSort,92.963904
small_list/sorted_smallest_largest/sorted_11.txt,HeapSort,96.24184699999999
small_list/sorted_smallest_largest/sorted_2.txt,HeapSort,97.847886
small_list/sorted_smallest_largest/sorted_26.txt,HeapSort,93.126746
small_list/sorted_smallest_largest/sorted_6.txt,HeapSort,94.546808
small_list/sorted_smallest_largest/sorted_15.txt,HeapSort,90.771999
small_list/sorted_smallest_largest/sorted_21.txt,HeapSort,89.861024
small_list/sorted_smallest_largest/sorted_1.txt,HeapSort,90.860002
small_list/sorted_smallest_largest/sorted_10.txt,HeapSort,98.09662399999999
small_list/sorted_smallest_largest/sorted_29.txt,HeapSort,95.88467
small_list/sorted_smallest_largest/sorted_25.txt,HeapSort,91.585025
small_list/sorted_smallest_largest/sorted_30.txt,HeapSort,96.926586
small_list/sorted_smallest_largest/sorted_5.txt,HeapSort,95.734386
small_list/sorted_smallest_largest/sorted_14.txt,HeapSort,93.117505
small_list/sorted_smallest_largest/sorted_18.txt,HeapSort,91.46284399999999
small_list/sorted_smallest_largest/sorted_22.txt,HeapSort,95.342519
small_list/sorted_smallest_largest/sorted_9.txt,HeapSort,92.376316
small_list/sorted_smallest_largest/sorted_28.txt,HeapSort,91.594627
small_list/sorted_smallest_largest/sorted_13.txt,HeapSort,93.003659
small_list/sorted_smallest_largest/sorted_23.txt,HeapSort,89.532142
small_list/sorted_smallest_largest/sorted_4.txt,HeapSort,92.461927
small_list/sorted_smallest_largest/sorted_8.txt,HeapSort,95.86295899999999
small_list/sorted_smallest_largest/sorted_17.txt,HeapSort,103.525233
small_list/sorted_largest_smallest/sorted_4.txt,HeapSort,103.769562
small_list/sorted_largest_smallest/sorted_28.txt,HeapSort,98.70251599999999
small_list/sorted_largest_smallest/sorted_21.txt,HeapSort,101.999679
small_list/sorted_largest_smallest/sorted_16.txt,HeapSort,93.064099
small_list/sorted_largest_smallest/sorted_25.txt,HeapSort,95.209321
small_list/sorted_largest_smallest/sorted_12.txt,HeapSort,102.18196599999999
small_list/sorted_largest_smallest/sorted_7.txt,HeapSort,104.21950299999999
small_list/sorted_largest_smallest/sorted_29.txt,HeapSort,94.397646
small_list/sorted_largest_smallest/sorted_20.txt,HeapSort,93.67546399999999
small_list/sorted_largest_smallest/sorted_5.txt,HeapSort,90.610813
small_list/sorted_largest_smallest/sorted_17.txt,HeapSort,96.180664
small_list/sorted_largest_smallest/sorted_1.txt,HeapSort,92.47062299999999
small_list/sorted_largest_smallest/sorted_24.txt,HeapSort,96.34807599999999
small_list/sorted_largest_smallest/sorted_30.txt,HeapSort,93.37428899999999
small_list/sorted_largest_smallest/sorted_13.txt,HeapSort,92.33447699999999
small_list/sorted_largest_smallest/sorted_6.txt,HeapSort,93.19961699999999
small_list/sorted_largest_smallest/sorted_11.txt,HeapSort,93.61707299999999
small_list/sorted_largest_smallest/sorted_2.txt,HeapSort,90.863495
small_list/sorted_largest_smallest/sorted_18.txt,HeapSort,91.46318099999999
small_list/sorted_largest_smallest/sorted_23.txt,HeapSort,92.906205
small_list/sorted_largest_smallest/sorted_14.txt,HeapSort,99.506249
small_list/sorted_largest_smallest/sorted_9.txt,HeapSort,95.89448399999999
small_list/sorted_largest_smallest/sorted_10.txt,HeapSort,93.10248399999999
small_list/sorted_largest_smallest/sorted_27.txt,HeapSort,99.630646
small_list/sorted_largest_smallest/sorted_19.txt,HeapSort,95.25175999999999
small_list/sorted_largest_smallest/sorted_22.txt,HeapSort,90.6101
small_list/sorted_largest_smallest/sorted_3.txt,HeapSort,96.83334699999999
small_list/sorted_largest_smallest/sorted_15.txt,HeapSort,98.348416
small_list/sorted_largest_smallest/sorted_8.txt,HeapSort,93.499929
small_list/sorted_largest_smallest/sorted_26.txt,HeapSort,96.851475
medium_list/unsorted/unsorted_23.txt,HeapSort,112.19339199999999
medium_list/unsorted/unsorted_3.txt,HeapSort,107.75136499999999
medium_list/unsorted/unsorted_15.txt,HeapSort,107.388472
medium_list/unsorted/unsorted_11.txt,HeapSort,100.058825
medium_list/unsorted/unsorted_7.txt,HeapSort,96.59221199999999
medium_list/unsorted/unsorted_27.txt,HeapSort,96.135958
medium_list/unsorted/unsorted_18.txt,HeapSort,96.098998
medium_list/unsorted/unsorted_20.txt,HeapSort,93.175438
medium_list/unsorted/unsorted_4.txt,HeapSort,94.591262
medium_list/unsorted/unsorted_24.txt,HeapSort,93.21096899999999
medium_list/unsorted/unsorted_12.txt,HeapSort,95.506422
medium_list/unsorted/unsorted_30.txt,HeapSort,94.26336599999999
medium_list/unsorted/unsorted_9.txt,HeapSort,94.49163999999999
medium_list/unsorted/unsorted_28.txt,HeapSort,92.448393
medium_list/unsorted/unsorted_17.txt,HeapSort,91.975189
medium_list/unsorted/unsorted_5.txt,HeapSort,96.429977
medium_list/unsorted/unsorted_25.txt,HeapSort,99.901375
medium_list/unsorted/unsorted_13.txt,HeapSort,97.01499799999999
medium_list/unsorted/unsorted_8.txt,HeapSort,96.288538
medium_list/unsorted/unsorted_16.txt,HeapSort,92.730888
medium_list/unsorted/unsorted_29.txt,HeapSort,92.26013499999999
medium_list/unsorted/unsorted_1.txt,HeapSort,92.616376
medium_list/unsorted/unsorted_22.txt,HeapSort,92.231555
medium_list/unsorted/unsorted_14.txt,HeapSort,94.80985799999999
medium_list/unsorted/unsorted_6.txt,HeapSort,92.13526
medium_list/unsorted/unsorted_26.txt,HeapSort,91.629104
medium_list/unsorted/unsorted_10.txt,HeapSort,93.96162299999999
medium_list/unsorted/unsorted_19.txt,HeapSort,102.002212
medium_list/unsorted/unsorted_2.txt,HeapSort,89.71976
medium_list/unsorted/unsorted_21.txt,HeapSort,95.82925499999999
medium_list/sorted_smallest_largest/sorted_22.txt,HeapSort,105.498392
medium_list/sorted_smallest_largest/sorted_14.txt,HeapSort,99.93493099999999
medium_list/sorted_smallest_largest/sorted_4.txt,HeapSort,97.277937
medium_list/sorted_smallest_largest/sorted_29.txt,HeapSort,96.170549
medium_list/sorted_smallest_largest/sorted_8.txt,HeapSort,101.391916
medium_list/sorted_smallest_largest/sorted_17.txt,HeapSort,101.766042
medium_list/sorted_smallest_largest/sorted_10.txt,HeapSort,92.81980899999999
medium_list/sorted_smallest_largest/sorted_1.txt,HeapSort,93.95362399999999
medium_list/sorted_smallest_largest/sorted_25.txt,HeapSort,94.402423
medium_list/sorted_smallest_largest/sorted_13.txt,HeapSort,93.60649699999999
medium_list/sorted_smallest_largest/sorted_28.txt,HeapSort,91.406778
medium_list/sorted_smallest_largest/sorted_5.txt,HeapSort,92.81382099999999
medium_list/sorted_smallest_largest/sorted_18.txt,HeapSort,91.61598099999999
medium_list/sorted_smallest_largest/sorted_30.txt,HeapSort,95.04216799999999
medium_list/sorted_smallest_largest/sorted_24.txt,HeapSort,96.292627
medium_list/sorted_smallest_largest/sorted_9.txt,HeapSort,92.801068
medium_list/sorted_smallest_largest/sorted_2.txt,HeapSort,97.752353
medium_list/sorted_smallest_largest/sorted_16.txt,HeapSort,93.4469
medium_list/sorted_smallest_largest/sorted_20.txt,HeapSort,98.393728
medium_list/sorted_smallest_largest/sorted_6.txt,HeapSort,95.11506399999999
medium_list/sorted_smallest_largest/sorted_27.txt,HeapSort,95.895167
medium_list/sorted_smallest_largest/sorted_23.txt,HeapSort,97.812175
medium_list/sorted_smallest_largest/sorted_19.txt,HeapSort,93.194763
medium_list/sorted_smallest_largest/sorted_12.txt,HeapSort,93.23540299999999
medium_list/sorted_smallest_largest/sorted_21.txt,HeapSort,93.678007
medium_list/sorted_smallest_largest/sorted_3.txt,HeapSort,93.43699699999999
medium_list/sorted_smallest_largest/sorted_15.txt,HeapSort,93.074377
medium_list/sorted_smallest_largest/sorted_7.txt,HeapSort,91.84814899999999
medium_list/sorted_smallest_largest/sorted_26.txt,HeapSort,99.094274
medium_list/sorted_smallest_largest/sorted_11.txt,HeapSort,91.564858
medium_list/sorted_largest_smallest/sorted_5.txt,HeapSort,98.803905
medium_list/sorted_largest_smallest/sorted_11.txt,HeapSort,94.612118
medium_list/sorted_largest_smallest/sorted_23.txt,HeapSort,98.720393
medium_list/sorted_largest_smallest/sorted_26.txt,HeapSort,96.442787
medium_list/sorted_largest_smallest/sorted_15.txt,HeapSort,89.692675
medium_list/sorted_largest_smallest/sorted_1.txt,HeapSort,95.259305
medium_list/sorted_largest_smallest/sorted_8.txt,HeapSort,96.56458699999999
medium_list/sorted_largest_smallest/sorted_22.txt,HeapSort,96.16449899999999
medium_list/sorted_largest_smallest/sorted_12.txt,HeapSort,93.874365
medium_list/sorted_largest_smallest/sorted_4.txt,HeapSort,99.635098
medium_list/sorted_largest_smallest/sorted_27.txt,HeapSort,92.395675
medium_list/sorted_largest_smallest/sorted_9.txt,HeapSort,92.459879
medium_list/sorted_largest_smallest/sorted_16.txt,HeapSort,95.437192
medium_list/sorted_largest_smallest/sorted_13.txt,HeapSort,92.141277
medium_list/sorted_largest_smallest/sorted_7.txt,HeapSort,95.889684
medium_list/sorted_largest_smallest/sorted_21.txt,HeapSort,92.69579399999999
medium_list/sorted_largest_smallest/sorted_25.txt,HeapSort,96.503327
medium_list/sorted_largest_smallest/sorted_17.txt,HeapSort,91.12041699999999
medium_list/sorted_largest_smallest/sorted_3.txt,HeapSort,97.42344
medium_list/sorted_largest_smallest/sorted_28.txt,HeapSort,96.407099
medium_list/sorted_largest_smallest/sorted_30.txt,HeapSort,92.046146
medium_list/sorted_largest_smallest/sorted_6.txt,HeapSort,90.627383
medium_list/sorted_largest_smallest/sorted_14.txt,HeapSort,94.17221099999999
medium_list/sorted_largest_smallest/sorted_24.txt,HeapSort,92.614836
medium_list/sorted_largest_smallest/sorted_10.txt,HeapSort,92.548081
medium_list/sorted_largest_smallest/sorted_19.txt,HeapSort,96.052354
medium_list/sorted_largest_smallest/sorted_2.txt,HeapSort,90.793345
medium_list/sorted_largest_smallest/sorted_18.txt,HeapSort,95.91707699999999
medium_list/sorted_largest_smallest/sorted_20.txt,HeapSort,96.03851
medium_list/sorted_largest_smallest/sorted_29.txt,HeapSort,102.361646
large_list/unsorted/unsorted_29.txt,HeapSort,107.329011
large_list/unsorted/unsorted_10.txt,HeapSort,108.38664299999999
large_list/unsorted/unsorted_14.txt,HeapSort,101.38407699999999
large_list/unsorted/unsorted_3.txt,HeapSort,99.085867
large_list/unsorted/unsorted_30.txt,HeapSort,95.338008
large_list/unsorted/unsorted_6.txt,HeapSort,92.068412
large_list/unsorted/unsorted_22.txt,HeapSort,93.214901
large_list/unsorted/unsorted_18.txt,HeapSort,94.65114
large_list/unsorted/unsorted_11.txt,HeapSort,95.727916
large_list/unsorted/unsorted_2.txt,HeapSort,95.51773299999999
large_list/unsorted/unsorted_26.txt,HeapSort,94.681635
large_list/unsorted/unsorted_25.txt,HeapSort,91.457757
large_list/unsorted/unsorted_15.txt,HeapSort,92.00399999999999
large_list/unsorted/unsorted_19.txt,HeapSort,93.166637
large_list/unsorted/unsorted_7.txt,HeapSort,91.58095999999999
large_list/unsorted/unsorted_21.txt,HeapSort,100.416488
large_list/unsorted/unsorted_20.txt,HeapSort,93.276493
large_list/unsorted/unsorted_12.txt,HeapSort,90.56065199999999
large_list/unsorted/unsorted_5.txt,HeapSort,90.384834
large_list/unsorted/unsorted_27.txt,HeapSort,95.437275
large_list/unsorted/unsorted_8.txt,HeapSort,96.42913999999999
large_list/unsorted/unsorted_16.txt,HeapSort,93.50872
large_list/unsorted/unsorted_24.txt,HeapSort,93.871254
large_list/unsorted/unsorted_1.txt,HeapSort,95.980848
large_list/unsorted/unsorted_4.txt,HeapSort,97.655819
large_list/unsorted/unsorted_28.txt,HeapSort,96.29738499999999
large_list/unsorted/unsorted_13.txt,HeapSort,91.93161599999999
large_list/unsorted/unsorted_9.txt,HeapSort,96.10112199999999
large_list/unsorted/unsorted_23.txt,HeapSort,94.960038
large_list/unsorted/unsorted_17.txt,HeapSort,94.40914099999999
large_list/sorted_smallest_largest/sorted_16.txt,HeapSort,102.592168
large_list/sorted_smallest_largest/sorted_20.txt,HeapSort,96.573404
large_list/sorted_smallest_largest/sorted_27.txt,HeapSort,131.47178499999998
large_list/sorted_smallest_largest/sorted_19.txt,HeapSort,98.16073999999999
large_list/sorted_smallest_largest/sorted_12.txt,HeapSort,101.304666
large_list/sorted_smallest_largest/sorted_6.txt,HeapSort,94.771442
large_list/sorted_smallest_largest/sorted_7.txt,HeapSort,100.293515
large_list/sorted_smallest_largest/sorted_21.txt,HeapSort,98.49744299999999
large_list/sorted_smallest_largest/sorted_15.txt,HeapSort,95.33217499999999
large_list/sorted_smallest_largest/sorted_2.txt,HeapSort,93.345199
large_list/sorted_smallest_largest/sorted_3.txt,HeapSort,95.25843599999999
large_list/sorted_smallest_largest/sorted_26.txt,HeapSort,92.34873999999999
large_list/sorted_smallest_largest/sorted_11.txt,HeapSort,93.073109
large_list/sorted_smallest_largest/sorted_8.txt,HeapSort,93.13883799999999
large_list/sorted_smallest_largest/sorted_14.txt,HeapSort,98.434827
large_list/sorted_smallest_largest/sorted_30.txt,HeapSort,92.933347
large_list/sorted_smallest_largest/sorted_22.txt,HeapSort,93.905953
large_list/sorted_smallest_largest/sorted_29.txt,HeapSort,91.611218
large_list/sorted_smallest_largest/sorted_1.txt,HeapSort,94.85631599999999
large_list/sorted_smallest_largest/sorted_10.txt,HeapSort,95.997896
large_list/sorted_smallest_largest/sorted_4.txt,HeapSort,95.464209
large_list/sorted_smallest_largest/sorted_25.txt,HeapSort,90.017003
large_list/sorted_smallest_largest/sorted_23.txt,HeapSort,92.91488799999999
large_list/sorted_smallest_largest/sorted_9.txt,HeapSort,95.258933
large_list/sorted_smallest_largest/sorted_13.txt,HeapSort,91.61832799999999
large_list/sorted_smallest_largest/sorted_17.txt,HeapSort,92.50979199999999
large_list/sorted_smallest_largest/sorted_28.txt,HeapSort,92.584684
large_list/sorted_smallest_largest/sorted_18.txt,HeapSort,96.841123
large_list/sorted_smallest_largest/sorted_5.txt,HeapSort,93.075187
large_list/sorted_smallest_largest/sorted_24.txt,HeapSort,93.84011199999999
large_list/sorted_largest_smallest/sorted_4.txt,HeapSort,110.496062
large_list/sorted_largest_smallest/sorted_13.txt,HeapSort,101.40276999999999
large_list/sorted_largest_smallest/sorted_25.txt,HeapSort,97.43343899999999
large_list/sorted_largest_smallest/sorted_8.txt,HeapSort,97.42033699999999
large_list/sorted_largest_smallest/sorted_10.txt,HeapSort,96.95212099999999
large_list/sorted_largest_smallest/sorted_17.txt,HeapSort,91.99408
large_list/sorted_largest_smallest/sorted_21.txt,HeapSort,93.428181
large_list/sorted_largest_smallest/sorted_28.txt,HeapSort,94.612884
large_list/sorted_largest_smallest/sorted_3.txt,HeapSort,101.092839
large_list/sorted_largest_smallest/sorted_14.txt,HeapSort,95.607962
large_list/sorted_largest_smallest/sorted_30.txt,HeapSort,98.80234399999999
large_list/sorted_largest_smallest/sorted_24.txt,HeapSort,91.286214
large_list/sorted_largest_smallest/sorted_7.txt,HeapSort,89.713996
large_list/sorted_largest_smallest/sorted_18.txt,HeapSort,97.467557
large_list/sorted_largest_smallest/sorted_20.txt,HeapSort,92.51392
large_list/sorted_largest_smallest/sorted_29.txt,HeapSort,92.339889
large_list/sorted_largest_smallest/sorted_23.txt,HeapSort,95.65828599999999
large_list/sorted_largest_smallest/sorted_2.txt,HeapSort,96.705737
large_list/sorted_largest_smallest/sorted_11.txt,HeapSort,92.83927299999999
large_list/sorted_largest_smallest/sorted_19.txt,HeapSort,93.424403
large_list/sorted_largest_smallest/sorted_26.txt,HeapSort,92.670166
large_list/sorted_largest_smallest/sorted_6.txt,HeapSort,92.40104
large_list/sorted_largest_smallest/sorted_15.txt,HeapSort,91.39039199999999
large_list/sorted_largest_smallest/sorted_1.txt,HeapSort,91.006821
large_list/sorted_largest_smallest/sorted_22.txt,HeapSort,92.94951999999999
large_list/sorted_largest_smallest/sorted_12.txt,HeapSort,93.89813
large_list/sorted_largest_smallest/sorted_27.txt,HeapSort,91.685035
large_list/sorted_largest_smallest/sorted_9.txt,HeapSort,94.515428
large_list/sorted_largest_smallest/sorted_5.txt,HeapSort,95.9696
large_list/sorted_largest_smallest/sorted_16.txt,HeapSort,90.034869
